Threat,Category,Annual_Freq,Mixture_Ratio,Sev_Fin_Mean,Sev_Fin_P95,Sev_Fin_P99,Sev_Human_Mean,Sev_Human_P95,Sev_Human_P99,ALE_Fin,ALE_Human,Tail_Ratio,Dim_Psych,Dim_Privacy,Dim_Safety,Dim_Trust,Dim_Autonomy,Description
Data Poisoning,Integrity,5,0.2,5317891.761575062,17659285.196090143,75010902.88574202,14068859.981324617,39647257.787241764,194328645.82541502,10155046.107903738,26865895.02033749,13.634889520779465,5,5,8,9,7,Minor bias vs. Systemic collapse.
Sensitive Info Disclosure,Confidentiality,15,0.1,35970.25993424418,163705.67936293536,536253.7918108915,218319.61017553354,852794.9786919757,3052514.849423721,196160.21552540723,1190584.1621312546,10.379537763187965,6,9,6,7,4,"Mostly public data leaks, 10% are identity theft/blackmail."
Misinformation,Reliability,300,0.05,7372.963103348692,50254.71777979,147085.59839916215,280839.4540553531,1006012.7643063868,3814518.6636438523,1701253.7269855046,64801513.475531094,4.189047514638554,6,2,7,9,5,"Mostly noise (bad badges), but 5% are life-destroying (false crimes)."
System Prompt Leak,Confidentiality,20,0.05,5837.076703880091,50262.05694092394,111260.3631872321,5743.241713960325,50214.46314008899,112751.95867053777,63312.43617630578,62294.64557464205,7.159484956242949,2,4,2,7,3,Leaking instructions.
Improper Output Handling,Integrity,60,0.05,2282.8381967238006,5751.2558895648035,44640.85057448146,2297.7950735545073,6808.754563930116,44571.77845247623,62000.97228773973,62407.195079711,4.897255885657806,3,4,7,5,3,Minor formatting vs. SQL injection.
Prompt Injection,Integrity,150,0.02,604.9938862247283,320.08599406211073,14783.890282061968,2741.0124309154403,319.89857557230846,77332.99030831014,60455.82906266465,273903.89019651816,4.378741662890991,4,3,5,6,7,"Mostly harmless jokes, 2% generate dangerous content."
