Threat,Category,Annual_Freq,Mean_Prob,Sev_Fin_Mean,Sev_Fin_P95,Sev_Fin_P99,Sev_Human_Mean,Sev_Human_P95,Sev_Human_P99,ALE_Fin,ALE_Human,VaR95_Fin,VaR99_Fin,VaR95_Human,VaR99_Human,Tail_Ratio,Dim_Psych,Dim_Privacy,Dim_Safety,Dim_Trust,Dim_Autonomy,Description
Data Poisoning,Integrity,5,0.3853529969762239,2647763.3011734057,6139638.536575508,24506738.308812734,6214228.480118188,15046298.293071475,61774824.490484074,5081852.103942117,11926968.721890839,13316881.753799861,49094575.40789272,32314874.21675882,123361552.28479359,9.660764304771652,5,5,8,9,7,"Very rare, CATASTROPHIC severity."
Sensitive Info Disclosure,Confidentiality,15,0.36135920305885905,131209.24300975338,329347.82092870446,904525.5598158169,301160.5564070603,740715.4190313648,2254544.899670065,710537.4136707174,1630874.761111154,1629813.3661673453,3334455.6084945444,3783675.8638882167,9201747.889175724,4.6928642240925305,6,9,6,7,4,"Rare, high severity. Regulatory catastrophe."
Improper Output Handling,Integrity,60,0.4556446208117928,3661.8098193386804,7810.431809441277,16402.400191465294,9982.290898128507,22469.942413003202,50077.893014502064,99910.65001574621,272361.81600998726,146587.60118164477,182184.53428562102,416092.0598979088,552265.8148707723,1.8234746171394962,3,4,7,5,3,"Medium frequency, medium severity."
System Prompt Leak,Confidentiality,20,0.5458099703303908,1501.05148736556,2713.442460403123,4623.042895666194,3107.068243655377,5820.4464801419945,10423.638558026643,16410.245385623984,33968.02357376241,26269.276663722605,32084.000926711964,54769.19461372826,67291.26812305386,1.9551201199476762,2,4,2,7,3,"Low frequency, low severity."
Prompt Injection,Integrity,150,0.6660061634610341,832.9846933277711,1655.482328979102,3155.4767154786355,1832.4154792581223,3901.956740692874,8111.843282599922,83336.86992713952,183326.02227940602,101746.11151831163,112433.82219600477,230071.79954499615,265651.28022130637,1.3491486096646585,4,3,5,6,7,"High frequency, low severity per event."
Misinformation,Reliability,300,0.7686984851970288,200.24411699776493,448.14158056433996,1000.3246390931948,11215.706413732983,26374.055425773335,64780.818715371184,46215.82156837994,2588555.879452897,54980.48810134243,63707.35649046678,3206458.808005783,3940349.909704265,1.3784750401160073,6,2,7,9,5,"Very high frequency, high human severity."
