Threat,Category,Mean_Prob,Fin_ALE_Mean,Fin_ALE_VaR95,Human_ALE_Mean,Human_ALE_VaR95,Ratio_HumanToFin,Description,Dim_Psych,Dim_Privacy,Dim_Safety,Dim_Trust,Dim_Autonomy
Prompt Injection,Integrity,0.6673309580417498,1864975.940917514,3553132.2501759212,30968689.366049852,48024357.36807235,16.60540958550605,User bypasses safeguards.,4,3,5,6,7
Misinformation,Reliability,0.7687050002799835,1840179.1019551465,3827236.185496689,85675616.63627058,121302425.36085545,46.55830323539827,False info.,6,2,7,9,5
Sensitive Info Disclosure,Confidentiality,0.3626327885520684,1256651.2337409616,2884142.9952496556,9918628.546362769,18077470.56546615,7.8929047933496355,PII exposed.,6,9,6,7,4
Data Poisoning,Integrity,0.38443555771323795,1002039.4520648865,2290377.1787387375,6537902.759167239,11786397.301233307,6.524596158060133,Corrupted data.,5,5,8,9,7
System Prompt Leak,Confidentiality,0.5447250783641213,507201.58568037854,1014583.0596194873,7559065.8126704935,12657182.218922699,14.90347433068548,LLM reveals instructions.,2,4,2,7,3
Improper Output Handling,Integrity,0.4544482691807485,499065.2046439737,1048035.164575725,11641037.104614709,20260148.34506245,23.325683690810035,Unvalidated output.,3,4,7,5,3
