Threat,Category,Mean_Prob,Mean_Fin_Impact,Mean_Human_Impact,Fin_ALE_Mean,Fin_ALE_VaR95,Human_ALE_Mean,Human_ALE_VaR95,Description,Dim_Psych,Dim_Privacy,Dim_Safety,Dim_Trust,Dim_Autonomy
Prompt Injection,Integrity,0.6657370125524903,23375.747320338174,5.334483855233138,1869366.1015742328,3559524.0804458354,426.3235304019518,649.8771127772144,User bypasses safeguards to manipulate LLM behavior.,4,3,5,6,7
Misinformation,Reliability,0.769416520605095,12023.519309674695,6.338537118068711,1850116.575751269,3831640.279668404,975.5385556805235,1370.8983339722058,LLM generates false information presented as fact.,6,2,7,9,5
Sensitive Info Disclosure,Confidentiality,0.36309732237868564,86453.09505483977,7.337954712668329,1253171.118759939,2872145.9891597796,106.56921078686786,193.36194008405278,PII or secrets from Knowledge Base exposed to user.,6,9,6,7,4
Data Poisoning,Integrity,0.3843500730313978,130224.16030353258,8.001225792092503,999698.4980324447,2291771.375569737,61.45659179790372,109.98186711778992,Corrupted RAG/training data biases LLM responses.,5,5,8,9,7
System Prompt Leak,Confidentiality,0.5459224494041639,11683.912066005292,3.9950164032663857,509722.1336466316,1015476.1167550882,174.4707092774694,286.9696057154671,LLM reveals internal instructions to the user.,2,4,2,7,3
Improper Output Handling,Integrity,0.4544119976279292,18340.371763541923,5.331789706990844,499521.62091403815,1050130.7956587644,145.37076283395595,252.1160784507532,Unvalidated output enables downstream injection attacks.,3,4,7,5,3
