Threat,Category,Mean_Prob,Mean_Fin_Impact,Mean_Human_Impact_HALU,Human_Dollar_Base,Fin_ALE_Mean,Fin_ALE_VaR95,Human_ALE_Mean,Human_ALE_VaR95,Ratio_HumanToFin,Description,Dim_Psych,Dim_Privacy,Dim_Safety,Dim_Trust,Dim_Autonomy
Prompt Injection,Integrity,0.6674516492404732,23304.3529851369,5.33364128198739,720000,1867692.9695376959,3536033.099949218,30783801.790397935,46924651.99876553,16.482260356753258,User bypasses safeguards to manipulate LLM behavior.,4,3,5,6,7
Misinformation,Reliability,0.7688731611083093,12004.373097926913,6.34423221708747,870000,1847331.9364944298,3845801.336505492,84938210.88541141,119693709.86130974,45.9788569706609,LLM generates false information presented as fact.,6,2,7,9,5
Sensitive Info Disclosure,Confidentiality,0.36361137243810515,86548.9823596367,7.334889205309115,920000,1256725.4787310434,2888567.23711645,9808156.179647788,17752079.57392933,7.80453356412524,PII or secrets from Knowledge Base exposed to user.,6,9,6,7,4
Data Poisoning,Integrity,0.384511588535833,130377.75984584709,7.9988134742591805,1050000,1003940.3072003295,2283969.544347019,6467479.134563477,11549799.211346712,6.442095300067412,Corrupted RAG/training data biases LLM responses.,5,5,8,9,7
System Prompt Leak,Confidentiality,0.5458618635504027,11686.55297414158,3.9987683451441653,435000,510063.7686637929,1017108.1658004691,7591420.350230449,12463037.366624866,14.883276987341386,LLM reveals internal instructions to the user.,2,4,2,7,3
Improper Output Handling,Integrity,0.45446890405084356,18301.21597560523,5.335950439658197,790000,499304.5341181888,1047507.1192172949,11507476.350359887,20025336.755644493,23.047009518315306,Unvalidated output enables downstream injection attacks.,3,4,7,5,3
