Threat,Category,Mean_Prob,Mean_Impact,Mean_ALE,Std_ALE,Median_ALE,VaR_95,Max_ALE,Description,Prob_Norm,Impact_Norm
Misinformation,Reliability,0.7695759750875706,4.663509928253051,717.7781061472914,227.56269157889483,691.4539141366483,1134.8440971327311,1699.2155401709026,LLM generates false information presented as fact.,0.7695759750875706,0.4070566586947834
Prompt Injection,Integrity,0.6672657708939278,7.331323296835002,586.5650329322286,152.06125381369606,578.5861458603382,850.7212135183469,1338.267673098333,User bypasses safeguards to manipulate LLM behavior.,0.6672657708939278,0.7034803663150002
System Prompt Leak,Confidentiality,0.5446907487803505,5.340170622260637,232.74518930258154,81.74563069339146,225.1748646930409,380.2658034661503,668.0096286146595,LLM reveals internal instructions to the user.,0.5446907487803505,0.4822411802511819
Improper Output Handling,Integrity,0.45482451062524515,6.33743901604777,172.87342779572757,66.73567803611101,165.57842173242224,294.4184180323576,526.5031576555409,Unvalidated output enables downstream injection attacks.,0.45482451062524515,0.5930487795608633
Sensitive Info Disclosure,Confidentiality,0.3637792770843886,8.004039815945214,116.3765488834868,50.137815057608584,110.51837016941712,207.80253825748073,406.13006257909404,PII or secrets from Knowledge Base exposed to user.,0.3637792770843886,0.7782266462161349
Data Poisoning,Integrity,0.3846425364693887,8.668258565595409,66.61611722661819,27.925421967033355,63.385230304466376,117.61117393682251,253.25783835807115,Corrupted RAG/training data biases LLM responses.,0.3846425364693887,0.8520287295106009
